{
    "L-BFGS-B": {
        "l1_error": 37865.09390023752,
        "params": [
            28.11836711620858,
            0.02138864793326844,
            54.90210910908283
        ],
        "time_sec": 0.06104636192321777,
        "success": true
    },
    "SLSQP": {
        "l1_error": 37865.093840145266,
        "params": [
            28.11842418077076,
            0.02138894705624849,
            54.899937048247054
        ],
        "time_sec": 0.016023874282836914,
        "success": true
    },
    "Basin-Hopping": {
        "l1_error": 37865.093860107474,
        "params": [
            28.11840424949173,
            0.021388846953583743,
            54.89854621570669
        ],
        "time_sec": 0.7163114547729492,
        "success": true
    },
    "SHGO": {
        "l1_error": 37865.093837615714,
        "params": [
            28.11842301489249,
            0.02138895693287436,
            54.90029883686522
        ],
        "time_sec": 1.0549488067626953,
        "success": true
    },
    "Differential Evolution": {
        "l1_error": 37865.1076181663,
        "params": [
            28.120810986370692,
            0.02137424274064097,
            54.89440071767097
        ],
        "time_sec": 0.05607771873474121,
        "success": true
    }
}